{
    "materials":[],
    "faces":[35,61,59,57,63,0,0,0,0,0,35,62,64,68,66,0,1,1,1,1,35,60,0,4,67,0,2,2,2,2,35,58,3,6,65,0,3,3,3,3,35,1,2,7,5,0,4,4,4,4,35,73,71,69,75,0,0,0,0,0,35,74,76,80,78,0,1,1,1,1,35,72,8,12,79,0,2,2,2,2,35,70,11,14,77,0,3,3,3,3,35,9,10,15,13,0,4,4,4,4,34,16,81,82,0,0,0,5,34,16,82,88,0,0,5,0,34,16,88,20,0,0,0,5,34,16,20,92,0,0,5,0,34,16,92,93,0,0,0,0,34,16,93,94,0,0,0,0,34,16,94,87,0,0,0,5,34,16,87,83,0,0,5,0,34,16,83,84,0,0,0,0,34,16,84,27,0,0,0,0,34,16,27,90,0,0,0,0,34,16,90,91,0,0,0,0,34,16,91,95,0,0,0,5,34,16,95,31,0,0,5,0,34,16,31,86,0,0,0,0,34,16,86,81,0,0,0,0,35,17,34,33,18,0,4,4,6,6,35,18,33,35,19,0,6,6,7,7,35,19,35,36,96,0,7,7,8,8,35,96,36,37,21,0,8,8,1,1,35,21,37,38,22,0,1,1,9,9,35,22,38,39,23,0,9,9,10,10,35,23,39,40,24,0,10,10,11,11,35,24,40,41,25,0,11,11,2,2,35,25,41,42,26,0,2,2,12,12,35,26,42,43,89,0,12,12,13,13,35,89,43,44,28,0,13,13,14,14,35,28,44,45,29,0,14,14,3,3,35,29,45,46,30,0,3,3,15,15,35,30,46,47,85,0,15,15,16,16,35,85,47,48,32,0,16,16,17,17,35,32,48,34,17,0,17,17,4,4,35,49,50,51,52,0,18,18,18,18,35,52,51,53,54,0,18,18,18,19,35,54,53,55,56,0,19,18,18,18,35,56,55,50,49,0,18,18,18,18],
    "metadata":{
        "generator":"io_three",
        "version":3,
        "normals":20,
        "materials":0,
        "uvs":0,
        "faces":46,
        "type":"Geometry",
        "vertices":97
    },
    "normals":[0,1,0,0,0,-1,-1,0,0,0,0,1,1,0,0,0,0.999969,0,0.923856,0,-0.382672,0.707083,0,-0.707083,0.382672,0,-0.923856,-0.382672,0,-0.923856,-0.707083,0,-0.707083,-0.923856,0,-0.382672,-0.923856,0,0.382672,-0.707083,0,0.707083,-0.382672,0,0.923856,0.382672,0,0.923856,0.707083,0,0.707083,0.923856,0,0.382672,0,-1,0,0,-0.999969,0],
    "uvs":[],
    "vertices":[-4.8,-3.2,-4.8,4.8,-3.2,-4.8,4.8,-3.2,4.8,-4.8,-3.2,4.8,-4.8,-19.2,-4.8,4.8,-19.2,-4.8,-4.8,-19.2,4.8,4.8,-19.2,4.8,-8,0,-8,8,0,-8,8,0,8,-8,0,8,-8,-19.2,-8,8,-19.2,-8,-8,-19.2,8,8,-19.2,8,0,3.2,-0,4.8,3.2,-0,4.43472,3.2,-1.83696,3.39408,3.2,-3.39408,1.83696,3.2,-4.43472,0,3.2,-4.8,-1.83696,3.2,-4.43472,-3.39408,3.2,-3.39408,-4.43472,3.2,-1.83696,-4.8,3.2,-0,-4.43472,3.2,1.83696,-3.39408,3.2,3.39408,-1.83696,3.2,4.43472,0,3.2,4.8,1.83696,3.2,4.43472,3.39408,3.2,3.39408,4.43472,3.2,1.83696,4.43472,0,-1.83696,4.8,0,0,3.39408,0,-3.39408,1.83696,0,-4.43472,0,0,-4.8,-1.83696,0,-4.43472,-3.39408,0,-3.39408,-4.43472,0,-1.83696,-4.8,0,0,-4.43472,0,1.83696,-3.39408,0,3.39408,-1.83696,0,4.43472,0,0,4.8,1.83696,0,4.43472,3.39408,0,3.39408,4.43472,0,1.83696,8,-19.2,-8,4.8,-19.2,-4.8,-4.8,-19.2,-4.8,-8,-19.2,-8,-4.8,-19.2,4.8,-8,-19.2,8,4.8,-19.2,4.8,8,-19.2,8,4.8,-3.2,4.8,4.8,-3.2,4.8,-4.8,-3.2,4.8,-4.8,-3.2,4.8,-4.8,-3.2,-4.8,-4.8,-3.2,-4.8,4.8,-3.2,-4.8,4.8,-3.2,-4.8,4.8,-19.2,4.8,-4.8,-19.2,-4.8,-4.8,-19.2,4.8,4.8,-19.2,-4.8,8,0,8,8,0,8,-8,0,8,-8,0,8,-8,0,-8,-8,0,-8,8,0,-8,8,0,-8,8,-19.2,8,-8,-19.2,-8,-8,-19.2,8,8,-19.2,-8,4.8,3.2,-0,4.43472,3.2,-1.83696,-4.8,3.2,-0,-4.43472,3.2,1.83696,3.39408,3.2,3.39408,4.43472,3.2,1.83696,-4.43472,3.2,-1.83696,3.39408,3.2,-3.39408,-3.39408,3.2,3.39408,-1.83696,3.2,4.43472,0,3.2,4.8,0,3.2,-4.8,-1.83696,3.2,-4.43472,-3.39408,3.2,-3.39408,1.83696,3.2,4.43472,1.83696,3.2,-4.43472]
}