{
    "uvs":[],
    "normals":[0.098018,0,-0.995185,0.290285,0,-0.95694,0.471396,0,-0.881921,0.634394,0,-0.77301,0.77301,0,-0.634394,0.881921,-0,-0.471397,0.95694,-0,-0.290285,0.995185,-0,-0.098017,0.995185,0,0.098017,0.95694,0,0.290285,0.881921,0,0.471397,0.77301,0,0.634394,0.634393,0,0.77301,0.471397,0,0.881921,0.290285,0,0.95694,0.098017,0,0.995185,-0.098018,0,0.995185,-0.290285,0,0.95694,-0.471397,0,0.881921,-0.634394,0,0.77301,-0.773011,0,0.634393,-0.881922,0,0.471396,-0.956941,0,0.290284,-0.995185,0,0.098016,-0.995185,-0,-0.098018,-0.95694,-0,-0.290285,-0.881921,-0,-0.471398,-0.77301,0,-0.634394,-0.634392,0,-0.773011,-0.471396,0,-0.881922,0,1,0,0,1,0,4e-06,1,0,-4e-06,1,0,-0,1,0,1e-06,1,-0,-1e-06,1,-0,0,1,-0,0,1,-0,-0,1,-0,-0,1,-0,-0.290283,0,-0.956941,-0.098017,0,-0.995185,-0,-1,0,0,-1,0,0,-1,-0,4e-06,-1,2e-06,-4e-06,-1,2e-06,-1e-06,-1,-0,-1e-06,-1,1e-06,0,-1,0,0,-1,0,-0,-1,0,-0,-1,0,0,-1,0,0.881921,-0,-0.471397,0.95694,-0,-0.290285,0.995185,-0,-0.098017,0.995185,0,0.098017,0.95694,0,0.290285,0.881922,0,0.471396,0.77301,0,0.634394,0.634394,0,0.77301,0.471397,0,0.881921,0.290285,0,0.95694,0.098017,0,0.995185,-0.290285,0,0.95694,-0.471397,0,0.881921,-0.634394,0,0.77301,-0.773011,0,0.634393,-0.881922,0,0.471396,-0.95694,0,0.290284,-0.995185,0,0.098014,-0.995185,-0,-0.098018,-0.95694,-0,-0.290285,-0.773009,0,-0.634394,-0.634393,0,-0.773011,-0.471395,0,-0.881922,-8e-06,1,1e-06,8e-06,1,1e-06,-2e-06,1,-0,2e-06,1,-0,0,1,-0,0,1,-0,-0,1,-0,-0,1,-0,-0.290283,0,-0.956941,1,0,1e-06,-0,-0,1,-1,-0,-0,0,0,-1],
    "materials":[{
        "blending":1,
        "colorDiffuse":[0.64,0.64,0.64],
        "specularCoef":50,
        "colorSpecular":[0.5,0.5,0.5],
        "visible":true,
        "wireframe":false,
        "transparent":false,
        "depthTest":true,
        "DbgIndex":0,
        "colorEmissive":[0,0,0],
        "opacity":1,
        "shading":"phong",
        "DbgName":"Material",
        "doubleSided":false,
        "DbgColor":15658734,
        "depthWrite":true
    }],
    "metadata":{
        "materials":1,
        "type":"Geometry",
        "normals":91,
        "version":3,
        "uvs":0,
        "generator":"io_three",
        "vertices":136,
        "faces":190
    },
    "faces":[35,0,1,3,2,0,0,0,0,0,35,2,3,5,4,0,1,1,1,1,35,4,5,7,6,0,2,2,2,2,35,6,7,9,8,0,3,3,3,3,35,8,9,11,10,0,4,4,4,4,35,10,11,13,12,0,5,5,5,5,35,12,13,15,14,0,6,6,6,6,35,14,15,17,16,0,7,7,7,7,35,16,17,19,18,0,8,8,8,8,35,18,19,21,20,0,9,9,9,9,35,20,21,23,22,0,10,10,10,10,35,22,23,25,24,0,11,11,11,11,35,24,25,27,26,0,12,12,12,12,35,26,27,29,28,0,13,13,13,13,35,28,29,31,30,0,14,14,14,14,35,30,31,33,32,0,15,15,15,15,35,32,33,35,34,0,16,16,16,16,35,34,35,37,36,0,17,17,17,17,35,36,37,39,38,0,18,18,18,18,35,38,39,41,40,0,19,19,19,19,35,40,41,43,42,0,20,20,20,20,35,42,43,45,44,0,21,21,21,21,35,44,45,47,46,0,22,22,22,22,35,46,47,49,48,0,23,23,23,23,35,48,49,51,50,0,24,24,24,24,35,50,51,53,52,0,25,25,25,25,35,52,53,55,54,0,26,26,26,26,35,54,55,57,56,0,27,27,27,27,35,56,57,59,58,0,28,28,28,28,35,58,59,61,60,0,29,29,29,29,34,5,3,1,0,30,30,30,34,1,63,61,0,30,30,30,34,61,59,57,0,31,31,31,34,57,55,53,0,30,30,30,34,53,51,49,0,32,32,32,34,49,47,45,0,30,30,30,34,45,43,41,0,30,30,30,34,41,39,37,0,30,30,30,34,37,35,33,0,30,30,30,34,33,31,29,0,30,30,30,34,29,27,25,0,30,30,30,34,25,23,21,0,30,30,30,34,21,19,17,0,30,30,30,34,17,15,13,0,33,33,33,34,13,11,9,0,30,30,30,34,9,7,5,0,30,30,30,34,5,1,61,0,34,34,34,34,61,57,53,0,30,30,30,34,53,49,45,0,35,35,35,34,45,41,37,0,30,30,30,34,37,33,29,0,30,30,30,34,29,25,21,0,30,30,30,34,21,17,13,0,36,36,36,34,13,9,5,0,30,30,30,34,5,61,53,0,34,34,34,34,53,45,37,0,37,37,37,34,37,29,21,0,30,30,30,34,21,13,5,0,38,38,38,34,5,53,37,0,39,39,39,34,37,21,5,0,40,40,40,35,60,61,63,62,0,41,41,41,41,35,1,0,62,63,0,42,42,42,42,34,62,0,2,0,43,43,43,34,2,4,6,0,44,44,44,34,6,8,10,0,44,44,44,34,10,12,14,0,44,44,44,34,14,16,18,0,45,45,45,34,18,20,22,0,46,46,46,34,22,24,26,0,44,44,44,34,26,28,30,0,44,44,44,34,30,32,34,0,44,44,44,34,34,36,38,0,44,44,44,34,38,40,42,0,44,44,44,34,42,44,46,0,47,47,47,34,46,48,50,0,44,44,44,34,50,52,54,0,44,44,44,34,54,56,58,0,44,44,44,34,58,60,62,0,44,44,44,34,62,2,6,0,44,44,44,34,6,10,14,0,44,44,44,34,14,18,22,0,48,48,48,34,22,26,30,0,44,44,44,34,30,34,38,0,44,44,44,34,38,42,46,0,49,49,49,34,46,50,54,0,44,44,44,34,54,58,62,0,44,44,44,34,62,6,14,0,50,50,50,34,14,22,30,0,51,51,51,34,30,38,46,0,52,52,52,34,46,54,62,0,44,44,44,34,62,14,30,0,53,53,53,34,30,46,62,0,54,54,54,35,64,65,67,66,0,0,0,0,0,35,66,67,69,68,0,1,1,1,1,35,68,69,71,70,0,2,2,2,2,35,70,71,73,72,0,3,3,3,3,35,72,73,75,74,0,4,4,4,4,35,74,75,77,76,0,55,55,55,55,35,76,77,79,78,0,56,56,56,56,35,78,79,81,80,0,57,57,57,57,35,80,81,83,82,0,58,58,58,58,35,82,83,85,84,0,59,59,59,59,35,84,85,87,86,0,60,60,60,60,35,86,87,89,88,0,61,61,61,61,35,88,89,91,90,0,62,62,62,62,35,90,91,93,92,0,63,63,63,63,35,92,93,95,94,0,64,64,64,64,35,94,95,97,96,0,65,65,65,65,35,96,97,99,98,0,16,16,16,16,35,98,99,101,100,0,66,66,66,66,35,100,101,103,102,0,67,67,67,67,35,102,103,105,104,0,68,68,68,68,35,104,105,107,106,0,69,69,69,69,35,106,107,109,108,0,70,70,70,70,35,108,109,111,110,0,71,71,71,71,35,110,111,113,112,0,72,72,72,72,35,112,113,115,114,0,73,73,73,73,35,114,115,117,116,0,74,74,74,74,35,116,117,119,118,0,26,26,26,26,35,118,119,121,120,0,75,75,75,75,35,120,121,123,122,0,76,76,76,76,35,122,123,125,124,0,77,77,77,77,34,69,67,65,0,30,30,30,34,65,127,125,0,30,30,30,34,125,123,121,0,30,30,30,34,121,119,117,0,30,30,30,34,117,115,113,0,30,30,30,34,113,111,109,0,78,78,78,34,109,107,105,0,30,30,30,34,105,103,101,0,30,30,30,34,101,99,97,0,30,30,30,34,97,95,93,0,30,30,30,34,93,91,89,0,30,30,30,34,89,87,85,0,30,30,30,34,85,83,81,0,79,79,79,34,81,79,77,0,30,30,30,34,77,75,73,0,30,30,30,34,73,71,69,0,30,30,30,34,69,65,125,0,34,34,34,34,125,121,117,0,30,30,30,34,117,113,109,0,80,80,80,34,109,105,101,0,30,30,30,34,101,97,93,0,30,30,30,34,93,89,85,0,30,30,30,34,85,81,77,0,81,81,81,34,77,73,69,0,30,30,30,34,69,125,117,0,34,34,34,34,117,109,101,0,82,82,82,34,101,93,85,0,30,30,30,34,85,77,69,0,83,83,83,34,69,117,101,0,84,84,84,34,101,85,69,0,85,85,85,35,124,125,127,126,0,86,86,86,86,35,126,127,65,64,0,42,42,42,42,34,126,64,66,0,43,43,43,34,66,68,70,0,44,44,44,34,70,72,74,0,44,44,44,34,74,76,78,0,44,44,44,34,78,80,82,0,45,45,45,34,82,84,86,0,44,44,44,34,86,88,90,0,44,44,44,34,90,92,94,0,44,44,44,34,94,96,98,0,44,44,44,34,98,100,102,0,44,44,44,34,102,104,106,0,44,44,44,34,106,108,110,0,44,44,44,34,110,112,114,0,44,44,44,34,114,116,118,0,44,44,44,34,118,120,122,0,50,50,50,34,122,124,126,0,44,44,44,34,126,66,70,0,44,44,44,34,70,74,78,0,44,44,44,34,78,82,86,0,50,50,50,34,86,90,94,0,44,44,44,34,94,98,102,0,44,44,44,34,102,106,110,0,50,50,50,34,110,114,118,0,44,44,44,34,118,122,126,0,44,44,44,34,126,70,78,0,50,50,50,34,78,86,94,0,44,44,44,34,94,102,110,0,44,44,44,34,110,118,126,0,44,44,44,34,126,78,94,0,45,45,45,34,94,110,126,0,44,44,44,35,128,129,130,131,0,44,44,44,44,35,132,135,134,133,0,30,30,30,30,35,128,132,133,129,0,87,87,87,87,35,129,133,134,130,0,88,88,88,88,35,130,134,135,131,0,89,89,89,89,35,132,128,131,135,0,90,90,90,90],